spill_id,date,latitude,longitude,area_km2,cause,responsible_vessel
HSP001,2020-11-26,3.1276,79.3643,24.14,Collision,Vessel_4372
HSP002,2023-09-07,6.2531,64.8722,33.01,Pipeline Leak,Vessel_718
HSP003,2020-01-09,21.0182,75.415,16.06,Pipeline Leak,Vessel_2821
HSP004,2025-06-27,9.4736,60.1801,11.19,Illegal Discharge,Vessel_1877
HSP005,2023-07-18,-1.5325,64.9061,18.91,Collision,Vessel_4619
HSP006,2025-04-09,14.6125,68.9628,22.12,Illegal Discharge,Vessel_1076
HSP007,2024-09-16,18.2935,71.9048,0.88,Pipeline Leak,Vessel_1587
HSP008,2023-03-22,7.9497,97.6671,38.03,Illegal Discharge,Vessel_4234
HSP009,2020-08-08,18.1409,76.2291,35.7,Pipeline Leak,Vessel_1434
HSP010,2023-05-21,17.7339,77.7829,27.03,Collision,Vessel_4011
HSP011,2020-08-17,16.8707,72.1223,33.04,Unknown,Vessel_2538
HSP012,2022-08-07,6.4918,91.9314,21.59,Pipeline Leak,Vessel_4007
HSP013,2025-11-25,11.6651,88.8658,38.78,Collision,Vessel_1849
HSP014,2023-06-25,2.8785,66.9357,14.16,Unknown,Vessel_2580
HSP015,2020-07-28,-1.8574,78.839,23.84,Pipeline Leak,Vessel_4380
HSP016,2023-02-26,24.6907,74.8881,29.52,Unknown,Vessel_1720
HSP017,2021-06-08,19.7702,74.1371,8.55,Pipeline Leak,Vessel_4414
HSP018,2020-04-21,17.6434,77.564,11.88,Unknown,Vessel_4966
HSP019,2020-01-12,-2.172,87.2185,37.81,Illegal Discharge,Vessel_722
HSP020,2022-06-16,-4.9206,92.6871,22.22,Collision,Vessel_4439
HSP021,2022-04-03,2.7965,69.0833,18.65,Illegal Discharge,Vessel_3984
HSP022,2025-01-26,10.0159,89.5763,31.72,Illegal Discharge,Vessel_2944
HSP023,2024-02-26,10.5602,72.0189,10.36,Illegal Discharge,Vessel_2741
HSP024,2021-11-07,-2.7555,67.7893,24.81,Collision,Vessel_1487
HSP025,2022-10-09,22.0402,67.5048,25.24,Illegal Discharge,Vessel_82
HSP026,2021-12-07,9.0828,72.5858,14.01,Unknown,Vessel_4795
HSP027,2023-09-07,24.1846,62.2191,36.96,Collision,Vessel_3514
HSP028,2025-02-28,11.8707,71.6574,22.04,Illegal Discharge,Vessel_3204
HSP029,2024-07-03,1.3157,81.9003,9.34,Illegal Discharge,Vessel_2645
HSP030,2025-03-07,2.938,83.8096,37.57,Pipeline Leak,Vessel_3715
HSP031,2020-08-15,12.5779,83.2976,24.69,Illegal Discharge,Vessel_801
HSP032,2025-09-08,23.8671,69.6242,6.01,Collision,Vessel_4696
HSP033,2025-05-02,14.0702,76.6032,18.12,Unknown,Vessel_4548
HSP034,2024-05-23,4.4221,86.0185,4.5,Pipeline Leak,Vessel_3821
HSP035,2023-07-07,-2.8979,85.3746,14.92,Unknown,Vessel_3697
HSP036,2022-09-12,19.4987,96.8738,23.66,Unknown,Vessel_2202
HSP037,2020-08-02,21.6607,70.7345,35.46,Illegal Discharge,Vessel_1977
HSP038,2020-02-23,12.9599,60.9551,19.89,Unknown,Vessel_999
HSP039,2024-02-16,-0.4262,72.0092,39.33,Pipeline Leak,Vessel_1939
HSP040,2024-03-10,12.1281,80.8814,5.25,Illegal Discharge,Vessel_4875
HSP041,2020-07-16,15.0083,63.716,0.54,Illegal Discharge,Vessel_3012
HSP042,2025-10-05,16.3096,87.3281,28.37,Collision,Vessel_315
HSP043,2021-05-15,10.5081,89.29,19.43,Unknown,Vessel_1655
HSP044,2023-08-12,-1.3128,66.7264,35.51,Collision,Vessel_792
HSP045,2024-11-06,-2.7123,82.3556,31.74,Collision,Vessel_1111
HSP046,2025-11-22,17.5578,72.1896,38.06,Pipeline Leak,Vessel_32
HSP047,2023-10-23,24.7725,87.7747,21.08,Unknown,Vessel_972
HSP048,2020-03-28,7.944,87.4844,31.17,Pipeline Leak,Vessel_4037
HSP049,2025-05-04,20.0151,79.6575,32.18,Illegal Discharge,Vessel_2077
HSP050,2021-04-24,24.0206,86.1626,13.08,Pipeline Leak,Vessel_1513
HSP051,2022-04-13,-3.8711,97.9502,18.25,Unknown,Vessel_2205
HSP052,2023-04-08,-2.3264,97.7889,0.32,Collision,Vessel_4727
HSP053,2024-12-03,-1.2485,95.1508,3.53,Pipeline Leak,Vessel_1603
HSP054,2023-03-08,-0.2837,76.095,37.02,Pipeline Leak,Vessel_3129
HSP055,2022-06-04,15.4061,70.1131,25.29,Collision,Vessel_3483
HSP056,2025-07-12,18.8285,86.158,11.5,Unknown,Vessel_786
HSP057,2021-06-20,21.4079,76.8638,7.98,Pipeline Leak,Vessel_3365
HSP058,2020-12-17,19.4097,64.0263,26.89,Unknown,Vessel_1008
HSP059,2022-05-20,17.678,96.8651,11.64,Collision,Vessel_1300
HSP060,2022-12-23,4.7183,96.0493,39.68,Collision,Vessel_4160
HSP061,2023-01-16,15.4311,76.0461,5.29,Illegal Discharge,Vessel_2065
HSP062,2024-10-05,12.2034,71.6751,32.18,Unknown,Vessel_4152
HSP063,2020-02-08,-0.502,85.1047,22.53,Illegal Discharge,Vessel_4483
HSP064,2020-08-09,22.9439,93.3624,1.99,Unknown,Vessel_86
HSP065,2023-11-15,7.4062,62.0375,24.64,Collision,Vessel_4335
HSP066,2024-03-09,21.7268,94.6052,17.35,Pipeline Leak,Vessel_884
HSP067,2023-07-13,20.4292,93.8158,19.69,Unknown,Vessel_4105
HSP068,2025-11-24,-4.3129,75.479,23.31,Unknown,Vessel_1295
HSP069,2025-12-08,17.4259,79.1757,22.77,Illegal Discharge,Vessel_3235
HSP070,2024-12-15,-0.8512,81.4048,26.2,Illegal Discharge,Vessel_4213
HSP071,2022-05-18,24.2591,86.8564,31.13,Unknown,Vessel_2243
HSP072,2024-07-28,22.0921,62.482,16.29,Collision,Vessel_4426
HSP073,2020-04-08,23.7702,75.9404,40.0,Collision,Vessel_1827
HSP074,2023-12-14,18.9352,70.5629,34.13,Unknown,Vessel_765
HSP075,2024-07-28,20.8086,94.4444,14.08,Collision,Vessel_112
HSP076,2021-06-21,-4.2728,92.3292,27.27,Unknown,Vessel_2624
HSP077,2020-03-06,-3.2851,80.2229,4.36,Pipeline Leak,Vessel_4680
HSP078,2021-03-20,1.1591,74.9648,3.97,Collision,Vessel_874
HSP079,2020-12-08,14.5986,95.3975,28.92,Collision,Vessel_3628
HSP080,2020-12-10,6.3578,78.6099,32.06,Illegal Discharge,Vessel_2467
HSP081,2020-02-11,-2.1101,93.433,12.68,Collision,Vessel_1923
HSP082,2021-04-02,6.4343,80.0568,0.95,Unknown,Vessel_968
HSP083,2025-08-22,-1.1019,65.2403,36.4,Collision,Vessel_3737
HSP084,2025-12-06,21.6892,89.4629,35.58,Unknown,Vessel_4930
HSP085,2023-06-22,6.915,77.1039,26.01,Unknown,Vessel_4069
HSP086,2022-04-13,0.0256,94.045,11.77,Illegal Discharge,Vessel_138
HSP087,2022-05-21,9.9474,64.779,20.07,Illegal Discharge,Vessel_4165
HSP088,2025-11-02,19.5158,72.9352,6.91,Illegal Discharge,Vessel_407
HSP089,2025-12-15,23.297,67.1735,31.22,Illegal Discharge,Vessel_3532
HSP090,2022-09-01,-2.4114,97.3891,1.04,Collision,Vessel_2037
HSP091,2021-06-06,5.5379,96.3515,24.15,Illegal Discharge,Vessel_2529
HSP092,2020-12-13,1.7421,74.6238,1.45,Illegal Discharge,Vessel_3695
HSP093,2022-05-28,-3.8722,75.1514,33.89,Unknown,Vessel_1867
HSP094,2023-10-08,17.9934,95.2704,5.17,Unknown,Vessel_2760
HSP095,2021-04-22,-4.3237,66.4972,25.61,Pipeline Leak,Vessel_2603
HSP096,2023-04-07,19.1652,66.3855,21.11,Pipeline Leak,Vessel_2856
HSP097,2020-10-06,0.424,75.0833,38.11,Unknown,Vessel_4664
HSP098,2023-08-17,8.5377,96.5312,26.72,Collision,Vessel_2681
HSP099,2025-02-21,7.816,79.2268,14.36,Pipeline Leak,Vessel_1854
HSP100,2022-01-22,9.5775,63.638,16.6,Illegal Discharge,Vessel_279
