spill_id,image_name,spill_timestamp_utc,mmsi,ais_timestamp_utc,ais_latitude,ais_longitude,sog,cog,time_difference_minutes,distance_km,temporal_score,spatial_score,correlation_score,correlation_mode,rank
SPILL_00001,S1_20190101_034235_034350_VV_0.jpg,2019-01-01T03:42:35+00:00,419000003,2019-01-01T03:42:00+00:00,20.2,65.2,14.8,88.0,0.583,,0.9611,0.0,0.9611,TEMPORAL_ONLY,1
SPILL_00001,S1_20190101_034235_034350_VV_0.jpg,2019-01-01T03:42:35+00:00,419000004,2019-01-01T03:45:00+00:00,20.25,65.25,11.4,92.0,2.417,,0.8389,0.0,0.8389,TEMPORAL_ONLY,2
SPILL_00001,S1_20190101_034235_034350_VV_0.jpg,2019-01-01T03:42:35+00:00,419000002,2019-01-01T03:40:00+00:00,20.15,65.15,10.2,90.0,2.583,,0.8278,0.0,0.8278,TEMPORAL_ONLY,3
SPILL_00001,S1_20190101_034235_034350_VV_0.jpg,2019-01-01T03:42:35+00:00,419000001,2019-01-01T03:32:00+00:00,20.1,65.1,12.5,85.0,10.583,,0.2944,0.0,0.2944,TEMPORAL_ONLY,4
SPILL_00001,S1_20190101_034235_034350_VV_0.jpg,2019-01-01T03:42:35+00:00,419000005,2019-01-01T03:55:00+00:00,20.3,65.3,13.1,87.0,12.417,,0.1722,0.0,0.1722,TEMPORAL_ONLY,5
SPILL_00002,S1_20190101_034235_034350_VV_0.jpg,2019-01-01T03:42:35+00:00,419000003,2019-01-01T03:42:00+00:00,20.2,65.2,14.8,88.0,0.583,,0.9611,0.0,0.9611,TEMPORAL_ONLY,1
SPILL_00002,S1_20190101_034235_034350_VV_0.jpg,2019-01-01T03:42:35+00:00,419000004,2019-01-01T03:45:00+00:00,20.25,65.25,11.4,92.0,2.417,,0.8389,0.0,0.8389,TEMPORAL_ONLY,2
SPILL_00002,S1_20190101_034235_034350_VV_0.jpg,2019-01-01T03:42:35+00:00,419000002,2019-01-01T03:40:00+00:00,20.15,65.15,10.2,90.0,2.583,,0.8278,0.0,0.8278,TEMPORAL_ONLY,3
SPILL_00002,S1_20190101_034235_034350_VV_0.jpg,2019-01-01T03:42:35+00:00,419000001,2019-01-01T03:32:00+00:00,20.1,65.1,12.5,85.0,10.583,,0.2944,0.0,0.2944,TEMPORAL_ONLY,4
SPILL_00002,S1_20190101_034235_034350_VV_0.jpg,2019-01-01T03:42:35+00:00,419000005,2019-01-01T03:55:00+00:00,20.3,65.3,13.1,87.0,12.417,,0.1722,0.0,0.1722,TEMPORAL_ONLY,5
SPILL_00003,S1_20190101_034235_034350_VV_0.jpg,2019-01-01T03:42:35+00:00,419000003,2019-01-01T03:42:00+00:00,20.2,65.2,14.8,88.0,0.583,,0.9611,0.0,0.9611,TEMPORAL_ONLY,1
SPILL_00003,S1_20190101_034235_034350_VV_0.jpg,2019-01-01T03:42:35+00:00,419000004,2019-01-01T03:45:00+00:00,20.25,65.25,11.4,92.0,2.417,,0.8389,0.0,0.8389,TEMPORAL_ONLY,2
SPILL_00003,S1_20190101_034235_034350_VV_0.jpg,2019-01-01T03:42:35+00:00,419000002,2019-01-01T03:40:00+00:00,20.15,65.15,10.2,90.0,2.583,,0.8278,0.0,0.8278,TEMPORAL_ONLY,3
SPILL_00003,S1_20190101_034235_034350_VV_0.jpg,2019-01-01T03:42:35+00:00,419000001,2019-01-01T03:32:00+00:00,20.1,65.1,12.5,85.0,10.583,,0.2944,0.0,0.2944,TEMPORAL_ONLY,4
SPILL_00003,S1_20190101_034235_034350_VV_0.jpg,2019-01-01T03:42:35+00:00,419000005,2019-01-01T03:55:00+00:00,20.3,65.3,13.1,87.0,12.417,,0.1722,0.0,0.1722,TEMPORAL_ONLY,5
SPILL_00004,S1_20190101_034235_034350_VV_0.jpg,2019-01-01T03:42:35+00:00,419000003,2019-01-01T03:42:00+00:00,20.2,65.2,14.8,88.0,0.583,,0.9611,0.0,0.9611,TEMPORAL_ONLY,1
SPILL_00004,S1_20190101_034235_034350_VV_0.jpg,2019-01-01T03:42:35+00:00,419000004,2019-01-01T03:45:00+00:00,20.25,65.25,11.4,92.0,2.417,,0.8389,0.0,0.8389,TEMPORAL_ONLY,2
SPILL_00004,S1_20190101_034235_034350_VV_0.jpg,2019-01-01T03:42:35+00:00,419000002,2019-01-01T03:40:00+00:00,20.15,65.15,10.2,90.0,2.583,,0.8278,0.0,0.8278,TEMPORAL_ONLY,3
SPILL_00004,S1_20190101_034235_034350_VV_0.jpg,2019-01-01T03:42:35+00:00,419000001,2019-01-01T03:32:00+00:00,20.1,65.1,12.5,85.0,10.583,,0.2944,0.0,0.2944,TEMPORAL_ONLY,4
SPILL_00004,S1_20190101_034235_034350_VV_0.jpg,2019-01-01T03:42:35+00:00,419000005,2019-01-01T03:55:00+00:00,20.3,65.3,13.1,87.0,12.417,,0.1722,0.0,0.1722,TEMPORAL_ONLY,5
SPILL_00005,S1_20190101_034235_034350_VV_0.jpg,2019-01-01T03:42:35+00:00,419000003,2019-01-01T03:42:00+00:00,20.2,65.2,14.8,88.0,0.583,,0.9611,0.0,0.9611,TEMPORAL_ONLY,1
SPILL_00005,S1_20190101_034235_034350_VV_0.jpg,2019-01-01T03:42:35+00:00,419000004,2019-01-01T03:45:00+00:00,20.25,65.25,11.4,92.0,2.417,,0.8389,0.0,0.8389,TEMPORAL_ONLY,2
SPILL_00005,S1_20190101_034235_034350_VV_0.jpg,2019-01-01T03:42:35+00:00,419000002,2019-01-01T03:40:00+00:00,20.15,65.15,10.2,90.0,2.583,,0.8278,0.0,0.8278,TEMPORAL_ONLY,3
SPILL_00005,S1_20190101_034235_034350_VV_0.jpg,2019-01-01T03:42:35+00:00,419000001,2019-01-01T03:32:00+00:00,20.1,65.1,12.5,85.0,10.583,,0.2944,0.0,0.2944,TEMPORAL_ONLY,4
SPILL_00005,S1_20190101_034235_034350_VV_0.jpg,2019-01-01T03:42:35+00:00,419000005,2019-01-01T03:55:00+00:00,20.3,65.3,13.1,87.0,12.417,,0.1722,0.0,0.1722,TEMPORAL_ONLY,5
SPILL_00006,S1_20190101_034235_034350_VV_4.jpg,2019-01-01T03:42:35+00:00,419000003,2019-01-01T03:42:00+00:00,20.2,65.2,14.8,88.0,0.583,,0.9611,0.0,0.9611,TEMPORAL_ONLY,1
SPILL_00006,S1_20190101_034235_034350_VV_4.jpg,2019-01-01T03:42:35+00:00,419000004,2019-01-01T03:45:00+00:00,20.25,65.25,11.4,92.0,2.417,,0.8389,0.0,0.8389,TEMPORAL_ONLY,2
SPILL_00006,S1_20190101_034235_034350_VV_4.jpg,2019-01-01T03:42:35+00:00,419000002,2019-01-01T03:40:00+00:00,20.15,65.15,10.2,90.0,2.583,,0.8278,0.0,0.8278,TEMPORAL_ONLY,3
SPILL_00006,S1_20190101_034235_034350_VV_4.jpg,2019-01-01T03:42:35+00:00,419000001,2019-01-01T03:32:00+00:00,20.1,65.1,12.5,85.0,10.583,,0.2944,0.0,0.2944,TEMPORAL_ONLY,4
SPILL_00006,S1_20190101_034235_034350_VV_4.jpg,2019-01-01T03:42:35+00:00,419000005,2019-01-01T03:55:00+00:00,20.3,65.3,13.1,87.0,12.417,,0.1722,0.0,0.1722,TEMPORAL_ONLY,5
SPILL_00007,S1_20190101_034235_034350_VV_4.jpg,2019-01-01T03:42:35+00:00,419000003,2019-01-01T03:42:00+00:00,20.2,65.2,14.8,88.0,0.583,,0.9611,0.0,0.9611,TEMPORAL_ONLY,1
SPILL_00007,S1_20190101_034235_034350_VV_4.jpg,2019-01-01T03:42:35+00:00,419000004,2019-01-01T03:45:00+00:00,20.25,65.25,11.4,92.0,2.417,,0.8389,0.0,0.8389,TEMPORAL_ONLY,2
SPILL_00007,S1_20190101_034235_034350_VV_4.jpg,2019-01-01T03:42:35+00:00,419000002,2019-01-01T03:40:00+00:00,20.15,65.15,10.2,90.0,2.583,,0.8278,0.0,0.8278,TEMPORAL_ONLY,3
SPILL_00007,S1_20190101_034235_034350_VV_4.jpg,2019-01-01T03:42:35+00:00,419000001,2019-01-01T03:32:00+00:00,20.1,65.1,12.5,85.0,10.583,,0.2944,0.0,0.2944,TEMPORAL_ONLY,4
SPILL_00007,S1_20190101_034235_034350_VV_4.jpg,2019-01-01T03:42:35+00:00,419000005,2019-01-01T03:55:00+00:00,20.3,65.3,13.1,87.0,12.417,,0.1722,0.0,0.1722,TEMPORAL_ONLY,5
SPILL_00008,S1_20190101_034235_034350_VV_5.jpg,2019-01-01T03:42:35+00:00,419000003,2019-01-01T03:42:00+00:00,20.2,65.2,14.8,88.0,0.583,,0.9611,0.0,0.9611,TEMPORAL_ONLY,1
SPILL_00008,S1_20190101_034235_034350_VV_5.jpg,2019-01-01T03:42:35+00:00,419000004,2019-01-01T03:45:00+00:00,20.25,65.25,11.4,92.0,2.417,,0.8389,0.0,0.8389,TEMPORAL_ONLY,2
SPILL_00008,S1_20190101_034235_034350_VV_5.jpg,2019-01-01T03:42:35+00:00,419000002,2019-01-01T03:40:00+00:00,20.15,65.15,10.2,90.0,2.583,,0.8278,0.0,0.8278,TEMPORAL_ONLY,3
SPILL_00008,S1_20190101_034235_034350_VV_5.jpg,2019-01-01T03:42:35+00:00,419000001,2019-01-01T03:32:00+00:00,20.1,65.1,12.5,85.0,10.583,,0.2944,0.0,0.2944,TEMPORAL_ONLY,4
SPILL_00008,S1_20190101_034235_034350_VV_5.jpg,2019-01-01T03:42:35+00:00,419000005,2019-01-01T03:55:00+00:00,20.3,65.3,13.1,87.0,12.417,,0.1722,0.0,0.1722,TEMPORAL_ONLY,5
SPILL_00009,S1_20190104_155638_155818_VV_0.jpg,2019-01-04T15:56:38+00:00,419000007,2019-01-04T15:56:00+00:00,21.15,66.15,12.7,82.0,0.633,,0.9578,0.0,0.9578,TEMPORAL_ONLY,1
SPILL_00009,S1_20190104_155638_155818_VV_0.jpg,2019-01-04T15:56:38+00:00,419000008,2019-01-04T16:00:00+00:00,21.2,66.2,15.2,85.0,3.367,,0.7756,0.0,0.7756,TEMPORAL_ONLY,2
SPILL_00009,S1_20190104_155638_155818_VV_0.jpg,2019-01-04T15:56:38+00:00,419000006,2019-01-04T15:50:00+00:00,21.1,66.1,9.8,80.0,6.633,,0.5578,0.0,0.5578,TEMPORAL_ONLY,3
SPILL_00010,S1_20190104_155638_155818_VV_0.jpg,2019-01-04T15:56:38+00:00,419000007,2019-01-04T15:56:00+00:00,21.15,66.15,12.7,82.0,0.633,,0.9578,0.0,0.9578,TEMPORAL_ONLY,1
SPILL_00010,S1_20190104_155638_155818_VV_0.jpg,2019-01-04T15:56:38+00:00,419000008,2019-01-04T16:00:00+00:00,21.2,66.2,15.2,85.0,3.367,,0.7756,0.0,0.7756,TEMPORAL_ONLY,2
SPILL_00010,S1_20190104_155638_155818_VV_0.jpg,2019-01-04T15:56:38+00:00,419000006,2019-01-04T15:50:00+00:00,21.1,66.1,9.8,80.0,6.633,,0.5578,0.0,0.5578,TEMPORAL_ONLY,3
